Workbook

Sheet Inputs
A1: OMC Retail Profitability Model — Inputs (edit blue cells)
A3: Parameter | B3: Value | C3: Unit | D3: Source / note
A4: Retail outlets (01.10.2025) | B4: 99281 | C4: count | D4: PPAC RR Table 6.6/6.7
A5: Outlets prior year (01.10.2024) | B5: 91949 | C5: count | D5: PPAC RR Table 6.4D
A6: Petrol (MS) consumption FY24-25 | B6: 40 | C6: MMT | D6: PPAC RR Table 6.1
A7: Diesel (HSD) consumption FY24-25 | B7: 91.4 | C7: MMT | D7: PPAC RR Table 6.1
A8: Petrol density | B8: 0.74 | C8: kg/L | D8: standard
A9: Diesel density | B9: 0.83 | C9: kg/L | D9: standard
A10: OMC marketing margin — petrol | B10: 3.5 | C10: Rs/L | D10: LEVER (dealer comm. excluded)
A11: OMC marketing margin — diesel | B11: 2.5 | C11: Rs/L | D11: LEVER
A12: Petrol demand growth (vehicle-driven) | B12: 0.071 | C12: %/yr | D12: RR 6.1 H1 YoY
A13: Diesel demand growth (vehicle-driven) | B13: 0.029 | C13: %/yr | D13: RR 6.1 H1 YoY
A14: Outlet network growth | B14: 0.045 | C14: %/yr | D14: LEVER
A15: E20 blend % | B15: 0.2 | C15: % | D15: achieved ~2025
... A20: E30 mileage drop | B20: 0.07 | C20: % | D20: LEVER (LCV-scaled)

Sheet Base
A1: Base retail book (FY 2024-25 actual)
A3: Item | B3: Petrol (MS) | C3: Diesel (HSD) | D3: Total
A4: Volume (bn L) | B4: =(Inputs!$B$6*1000/Inputs!$B$8)/1000 -> 54.054054 | C4: =(Inputs!$B$7*1000/Inputs!$B$9)/1000 -> 110.12048 | D4: =B4+C4 -> 164.17454
A5: OMC margin (Rs/L) | B5: =Inputs!$B$10 -> 3.5 | C5: =Inputs!$B$11 -> 2.5
A6: OMC retail gross (Rs cr/yr) | B6: =B4*1000000000*B5/10000000 -> 18918.919 | C6: =C4*1000000000*C5/10000000 -> 27530.12 | D6: =B6+C6 -> 46449.039
A7: Avg throughput/RO (KL/month) | B7: =B4*1000000000/Inputs!$B$4/12/1000 -> 45.371264 | C7: =C4*1000000000/Inputs!$B$4/12/1000 -> 92.431652

Sheet Scenarios
A1: Ethanol blend scenarios (petrol only; same distance driven)
A2: L0 = E0-equivalent petrol volume (fixed distance) = base petrol blend × (1 − E20 drop)
A4: Scenario | B4: Blend % | C4: Mileage drop | D4: Blend vol (bn L) | E4: Petrol MS (bn L) | F4: Ethanol (bn L) | G4: Extra vs E0 (bn L) | H4: Extra OMC income (Rs cr/yr)
A5: E20 | B5: =Inputs!$B$15 -> 0.2 | C5: =Inputs!$B$16 -> 0.04 | D5: =(((Inputs!$B$6*1000/Inputs!$B$8)/1000)*(1-Inputs!$B$16)/(1-Inputs!$B$16)) -> 54.054054 | E5: =D5*(1-Inputs!$B$15) -> 43.243243 | F5: =D5*Inputs!$B$15 -> 10.810811 | G5: =D5-(((Inputs!$B$6*1000/Inputs!$B$8)/1000)*(1-Inputs!$B$16)) -> 2.1621622 | H5: =G5*1000000000*Inputs!$B$10/10000000 -> 756.75676
A6: E25 | B6: =Inputs!$B$17 -> 0.25 | C6: =Inputs!$B$18 -> 0.055 | D6: =(((Inputs!$B$6*1000/Inputs!$B$8)/1000)*(1-Inputs!$B$16)/(1-Inputs!$B$18)) -> 54.912055 | E6: =D6*(1-Inputs!$B$17) -> 41.184041 | F6: =D6*Inputs!$B$17 -> 13.728014 | G6: =D6-(((Inputs!$B$6*1000/Inputs!$B$8)/1000)*(1-Inputs!$B$16)) -> 3.020163 | H6: =G6*1000000000*Inputs!$B$10/10000000 -> 1057.0571
A7: E30 | B7: =Inputs!$B$19 -> 0.3 | C7: =Inputs!$B$20 -> 0.07 | D7: =(((Inputs!$B$6*1000/Inputs!$B$8)/1000)*(1-Inputs!$B$16)/(1-Inputs!$B$20)) -> 55.797733 | E7: =D7*(1-Inputs!$B$19) -> 39.058413 | F7: =D7*Inputs!$B$19 -> 16.73932 | G7: =D7-(((Inputs!$B$6*1000/Inputs!$B$8)/1000)*(1-Inputs!$B$16)) -> 3.9058413 | H7: =G7*1000000000*Inputs!$B$10/10000000 -> 1367.0445

Sheet BlendMix
A1: Fuel-pool mix scenarios — E0/E20/E25/E30 in a ratio (edit blue shares; each row must sum to 100%)
A2: Same distance driven across rows. OMC petrol income = blend-weighted throughput × petrol margin.
A4: Mix scenario | B4: E0 | C4: E20 | D4: E25 | E4: E30 | F4: Σ | G4: Wtd drop | H4: Blend vol (bn L) | I4: Ethanol (bn L) | J4: Petrol MS (bn L) | K4: OMC petrol income (Rs cr) | L4: Extra vs all-E0 (Rs cr)
A5: S0 Today (~E20) | B5: 0.05 | C5: 0.95 | D5: 0 | E5: 0 | F5: =SUM(B5:E5) -> 1 | G5: =C5*Inputs!$B$16+D5*Inputs!$B$18+E5*Inputs!$B$20 -> 0.038 | H5: =(((Inputs!$B$6*1000/Inputs!$B$8)/1000)*(1-Inputs!$B$16))*(B5+C5/(1-Inputs!$B$16)+D5/(1-Inputs!$B$18)+E5/(1-Inputs!$B$20)) -> 53.945946 | I5: =(((Inputs!$B$6*1000/Inputs!$B$8)/1000)*(1-Inputs!$B$16))*(C5/(1-Inputs!$B$16)*Inputs!$B$15+D5/(1-Inputs!$B$18)*Inputs!$B$17+E5/(1-Inputs!$B$20)*Inputs!$B$19) -> 10.27027 | J5: =H5-I5 -> 43.675676 | K5: =H5*1000000000*Inputs!$B$10/10000000 -> 18881.081 | L5: =(H5-(((Inputs!$B$6*1000/Inputs!$B$8)/1000)*(1-Inputs!$B$16)))*1000000000*Inputs!$B$10/10000000 -> 718.91892
A6: S1 E20 universal | B6: 0 | C6: 1 | D6: 0 | E6: 0 | F6: =SUM(B6:E6) -> 1 | G6: =C6*Inputs!$B$16+D6*Inputs!$B$18+E6*Inputs!$B$20 -> 0.04 | H6: =(((Inputs!$B$6*1000/Inputs!$B$8)/1000)*(1-Inputs!$B$16))*(B6+C6/(1-Inputs!$B$16)+D6/(1-Inputs!$B$18)+E6/(1-Inputs!$B$20)) -> 54.054054 | I6: =(((Inputs!$B$6*1000/Inputs!$B$8)/1000)*(1-Inputs!$B$16))*(C6/(1-Inputs!$B$16)*Inputs!$B$15+D6/(1-Inputs!$B$18)*Inputs!$B$17+E6/(1-Inputs!$B$20)*Inputs!$B$19) -> 10.810811 | J6: =H6-I6 -> 43.243243 | K6: =H6*1000000000*Inputs!$B$10/10000000 -> 18918.919 | L6: =(H6-(((Inputs!$B$6*1000/Inputs!$B$8)/1000)*(1-Inputs!$B$16)))*1000000000*Inputs!$B$10/10000000 -> 756.75676
A7: S2 Transition FY27 | B7: 0.05 | C7: 0.55 | D7: 0.35 | E7: 0.05 | F7: =SUM(B7:E7) -> 1 | G7: =C7*Inputs!$B$16+D7*Inputs!$B$18+E7*Inputs!$B$20 -> 0.04475 | H7: =(((Inputs!$B$6*1000/Inputs!$B$8)/1000)*(1-Inputs!$B$16))*(B7+C7/(1-Inputs!$B$16)+D7/(1-Inputs!$B$18)+E7/(1-Inputs!$B$20)) -> 54.33343 | I7: =(((Inputs!$B$6*1000/Inputs!$B$8)/1000)*(1-Inputs!$B$16))*(C7/(1-Inputs!$B$16)*Inputs!$B$15+D7/(1-Inputs!$B$18)*Inputs!$B$17+E7/(1-Inputs!$B$20)*Inputs!$B$19) -> 11.587717 | J7: =H7-I7 -> 42.745713 | K7: =H7*1000000000*Inputs!$B$10/10000000 -> 19016.701 | L7: =(H7-(((Inputs!$B$6*1000/Inputs!$B$8)/1000)*(1-Inputs!$B$16)))*1000000000*Inputs!$B$10/10000000 -> 854.53841
A8: S3 E25 majority FY28 | B8: 0.05 | C8: 0.2 | D8: 0.6 | E8: 0.15 | F8: =SUM(B8:E8) -> 1 | G8: =C8*Inputs!$B$16+D8*Inputs!$B$18+E8*Inputs!$B$20 -> 0.0515 | H8: =(((Inputs!$B$6*1000/Inputs!$B$8)/1000)*(1-Inputs!$B$16))*(B8+C8/(1-Inputs!$B$16)+D8/(1-Inputs!$B$18)+E8/(1-Inputs!$B$20)) -> 54.722298 | I8: =(((Inputs!$B$6*1000/Inputs!$B$8)/1000)*(1-Inputs!$B$16))*(C8/(1-Inputs!$B$16)*Inputs!$B$15+D8/(1-Inputs!$B$18)*Inputs!$B$17+E8/(1-Inputs!$B$20)*Inputs!$B$19) -> 12.909868 | J8: =H8-I8 -> 41.81243 | K8: =H8*1000000000*Inputs!$B$10/10000000 -> 19152.804 | L8: =(H8-(((Inputs!$B$6*1000/Inputs!$B$8)/1000)*(1-Inputs!$B$16)))*1000000000*Inputs!$B$10/10000000 -> 990.64226
A9: S4 E30 push FY30 | B9: 0.05 | C9: 0.1 | D9: 0.25 | E9: 0.6 | F9: =SUM(B9:E9) -> 1 | G9: =C9*Inputs!$B$16+D9*Inputs!$B$18+E9*Inputs!$B$20 -> 0.05975 | H9: =(((Inputs!$B$6*1000/Inputs!$B$8)/1000)*(1-Inputs!$B$16))*(B9+C9/(1-Inputs!$B$16)+D9/(1-Inputs!$B$18)+E9/(1-Inputs!$B$20)) -> 55.206654 | I9: =(((Inputs!$B$6*1000/Inputs!$B$8)/1000)*(1-Inputs!$B$16))*(C9/(1-Inputs!$B$16)*Inputs!$B$15+D9/(1-Inputs!$B$18)*Inputs!$B$17+E9/(1-Inputs!$B$20)*Inputs!$B$19) -> 14.556676 | J9: =H9-I9 -> 40.649977 | K9: =H9*1000000000*Inputs!$B$10/10000000 -> 19322.329 | L9: =(H9-(((Inputs!$B$6*1000/Inputs!$B$8)/1000)*(1-Inputs!$B$16)))*1000000000*Inputs!$B$10/10000000 -> 1160.1666
A11: CBG caveat: this mileage-drop → extra-throughput effect is ETHANOL-ONLY. CBG cascaded into CNG must meet IS 16087 (min ~90% methane), so its calorific value matches fossil CNG (IS 15958) — no mileage loss, hence no analogous throughput uplift for the CNG book.

Sheet Projection
A1: YoY projection — vehicle demand growth + ethanol blend roadmap
A3: FY | B3: Blend drop | C3: Outlets | D3: Petrol blend (bn L) | E3: Diesel (bn L) | F3: OMC income (Rs cr) | G3: YoY Δ (Rs cr) | H3: Ethanol-attrib (Rs cr)
A4: FY25-26 | B4: =Inputs!$B$16 -> 0.04 | C4: =Inputs!$B$4*(1+Inputs!$B$14)^0 -> 99281 | D4: =((((Inputs!$B$6*1000/Inputs!$B$8)/1000)*(1-Inputs!$B$16))*(1+Inputs!$B$12)^0/(1-Inputs!$B$16)) -> 54.054054 | E4: =((Inputs!$B$7*1000/Inputs!$B$9)/1000)*(1+Inputs!$B$13)^0 -> 110.12048 | F4: =D4*1000000000*Inputs!$B$10/10000000+E4*1000000000*Inputs!$B$11/10000000 -> 46449.039 | H4: =(D4-((((Inputs!$B$6*1000/Inputs!$B$8)/1000)*(1-Inputs!$B$16))*(1+Inputs!$B$12)^0))*1000000000*Inputs!$B$10/10000000 -> 756.75676
A5: FY26-27 | B5: =Inputs!$B$16 -> 0.04 | C5: =Inputs!$B$4*(1+Inputs!$B$14)^1 -> 103748.65 | D5: =((((Inputs!$B$6*1000/Inputs!$B$8)/1000)*(1-Inputs!$B$16))*(1+Inputs!$B$12)^1/(1-Inputs!$B$16)) -> 57.891892 | E5: =((Inputs!$B$7*1000/Inputs!$B$9)/1000)*(1+Inputs!$B$13)^1 -> 113.31398 | F5: =D5*1000000000*Inputs!$B$10/10000000+E5*1000000000*Inputs!$B$11/10000000 -> 48590.656 | G5: =F5-F4 -> 2141.6167 | H5: =(D5-((((Inputs!$B$6*1000/Inputs!$B$8)/1000)*(1-Inputs!$B$16))*(1+Inputs!$B$12)^1))*1000000000*Inputs!$B$10/10000000 -> 810.48649
A6: FY27-28 | B6: =Inputs!$B$18 -> 0.055 | C6: =Inputs!$B$4*(1+Inputs!$B$14)^2 -> 108417.33 | D6: =((((Inputs!$B$6*1000/Inputs!$B$8)/1000)*(1-Inputs!$B$16))*(1+Inputs!$B$12)^2/(1-Inputs!$B$18)) -> 62.986378 | E6: =((Inputs!$B$7*1000/Inputs!$B$9)/1000)*(1+Inputs!$B$13)^2 -> 116.60008 | F6: =D6*1000000000*Inputs!$B$10/10000000+E6*1000000000*Inputs!$B$11/10000000 -> 51195.253 | G6: =F6-F5 -> 2604.5966 | H6: =(D6-((((Inputs!$B$6*1000/Inputs!$B$8)/1000)*(1-Inputs!$B$16))*(1+Inputs!$B$12)^2))*1000000000*Inputs!$B$10/10000000 -> 1212.4878
A7: FY28-29 | B7: =Inputs!$B$18 -> 0.055 | C7: =Inputs!$B$4*(1+Inputs!$B$14)^3 -> 113296.11 | D7: =((((Inputs!$B$6*1000/Inputs!$B$8)/1000)*(1-Inputs!$B$16))*(1+Inputs!$B$12)^3/(1-Inputs!$B$18)) -> 67.458411 | E7: =((Inputs!$B$7*1000/Inputs!$B$9)/1000)*(1+Inputs!$B$13)^3 -> 119.98148 | F7: =D7*1000000000*Inputs!$B$10/10000000+E7*1000000000*Inputs!$B$11/10000000 -> 53605.815 | G7: =F7-F6 -> 2410.5621 | H7: =(D7-((((Inputs!$B$6*1000/Inputs!$B$8)/1000)*(1-Inputs!$B$16))*(1+Inputs!$B$12)^3))*1000000000*Inputs!$B$10/10000000 -> 1298.5744
A8: FY29-30 | B8: =Inputs!$B$20 -> 0.07 | C8: =Inputs!$B$4*(1+Inputs!$B$14)^4 -> 118394.44 | D8: =((((Inputs!$B$6*1000/Inputs!$B$8)/1000)*(1-Inputs!$B$16))*(1+Inputs!$B$12)^4/(1-Inputs!$B$20)) -> 73.413248 | E8: =((Inputs!$B$7*1000/Inputs!$B$9)/1000)*(1+Inputs!$B$13)^4 -> 123.46095 | F8: =D8*1000000000*Inputs!$B$10/10000000+E8*1000000000*Inputs!$B$11/10000000 -> 56559.873 | G8: =F8-F7 -> 2954.0587 | H8: =(D8-((((Inputs!$B$6*1000/Inputs!$B$8)/1000)*(1-Inputs!$B$16))*(1+Inputs!$B$12)^4))*1000000000*Inputs!$B$10/10000000 -> 1798.6246

Sheet Checks
A1: Consistency checks (all must read PASS)
A3: Check | B3: Result
A4: Scenario E20 blend vol = base petrol volume | B4: =IF(ABS(Scenarios!D5-(Inputs!$B$6*1000/Inputs!$B$8)/1000)<0.01,"PASS","FAIL") -> PASS
A5: Extra OMC income rises with blend (E20<E25<E30) | B5: =IF(AND(Scenarios!H5<Scenarios!H6,Scenarios!H6<Scenarios!H7),"PASS","FAIL") -> PASS
A6: Pure petrol falls as blend rises (E20>E25>E30) | B6: =IF(AND(Scenarios!E5>Scenarios!E6,Scenarios!E6>Scenarios!E7),"PASS","FAIL") -> PASS
A7: Projection FY25-26 income = Base total | B7: =IF(ABS(Projection!F4-Base!$D$6)<1,"PASS","FAIL") -> PASS
A8: Projection income strictly increasing | B8: =IF(AND(Projection!F5>Projection!F4,Projection!F8>Projection!F7),"PASS","FAIL") -> PASS
A9: Outlets grow YoY | B9: =IF(Projection!C8>Projection!C4,"PASS","FAIL") -> PASS
A10: Every blend-mix row sums to 100% | B10: =IF(AND(BlendMix!F5=1,BlendMix!F6=1,BlendMix!F7=1,BlendMix!F8=1,BlendMix!F9=1),"PASS","FAIL") -> PASS
A11: Mix OMC petrol income rises as pool shifts E0→E30 | B11: =IF(AND(BlendMix!K6<BlendMix!K7,BlendMix!K7<BlendMix!K8,BlendMix!K8<BlendMix!K9),"PASS","FAIL") -> PASS
A12: Mix pure-petrol falls as ethanol share rises | B12: =IF(BlendMix!J9<BlendMix!J6,"PASS","FAIL") -> PASS
